/catalog/clothing/sweats/brand/fucking-awesome/|Shop Fucking Awesome sweatshirts from the latest collections at our online store. Complete your look with the newest clothing of your favorite brand name: jackets, hoodies, pants, sweats & more. Be unique and feel comfortable and stylish with itk Store. We guarantee 100% authenticity on all our products and propose free shipping on all orders over €350. 
/catalog/clothing/shirts/brand/fucking-awesome/|Shop Fucking Awesome shirts from the latest collections at our online store. Complete your look with the newest clothing of your favorite brand name: jackets, hoodies, pants, sweats & more. Be unique and feel comfortable and stylish with itk Store. We guarantee 100% authenticity on all our products and propose free shipping on all orders over €350. 
/catalog/clothing/brand/stussy/|Shop Stussy сlothing from the latest collections at our online store. Complete your look with the newest clothing of your favorite brand name: jackets, hoodies, pants, sweats & more. Be unique and feel comfortable and stylish with itk Store. We guarantee 100% authenticity on all our products and propose free shipping on all orders over €350. 
/catalog/footwear/sneakers/brand/premiata/|Shop Premiata sneakers from the latest collections at our online store. Complete your look with the newest clothing of your favorite brand name: jackets, hoodies, pants, sweats & more. Be unique and feel comfortable and stylish with itk Store. We guarantee 100% authenticity on all our products and propose free shipping on all orders over €350. 
/catalog/clothing/shirts/brand/stussy/|Shop Stussy shirts from the latest collections at our online store. Complete your look with the newest clothing of your favorite brand name: jackets, hoodies, pants, sweats & more. Be unique and feel comfortable and stylish with itk Store. We guarantee 100% authenticity on all our products and propose free shipping on all orders over €350. 
/catalog/clothing/brand/ripndip/|Shop Ripndip clothing from the latest collections at our online store. Complete your look with the newest clothing of your favorite brand name: jackets, hoodies, pants, sweats & more. Be unique and feel comfortable and stylish with itk Store. We guarantee 100% authenticity on all our products and propose free shipping on all orders over €350. 
/catalog/clothing/outerwear/brand/stussy/|Shop Stussy jackets from the latest collections at our online store. Complete your look with the newest clothing of your favorite brand name: jackets, hoodies, pants, sweats & more. Be unique and feel comfortable and stylish with itk Store. We guarantee 100% authenticity on all our products and propose free shipping on all orders over €350. 
/catalog/clothing/t-shirts/brand/stussy/|Shop Stussy t-shirts from the latest collections at our online store. Complete your look with the newest clothing of your favorite brand name: jackets, hoodies, pants, sweats & more. Be unique and feel comfortable and stylish with itk Store. We guarantee 100% authenticity on all our products and propose free shipping on all orders over €350. 
/catalog/clothing/t-shirts/brand/ripndip/|Shop Ripndip t-shirts from the latest collections at our online store. Complete your look with the newest clothing of your favorite brand name: jackets, hoodies, pants, sweats & more. Be unique and feel comfortable and stylish with itk Store. We guarantee 100% authenticity on all our products and propose free shipping on all orders over €350. 
/catalog/clothing/brand/daily-paper/|Shop Daily Paper сlothing from the latest collections at our online store. Complete your look with the newest clothing of your favorite brand name: jackets, hoodies, pants, sweats & more. Be unique and feel comfortable and stylish with itk Store. We guarantee 100% authenticity on all our products and propose free shipping on all orders over €350. 
